Time_s,Speed_kmh,Phase
0,0.0,Low
1,0.0,Low
2,0.0,Low
3,0.0,Low
4,0.0,Low
5,0.0,Low
6,0.0,Low
7,0.0,Low
8,0.0,Low
9,0.0,Low
10,0.0,Low
11,0.0,Low
12,0.2,Low
13,1.7,Low
14,5.4,Low
15,9.9,Low
16,13.1,Low
17,16.9,Low
18,21.7,Low
19,26.0,Low
20,27.5,Low
21,28.1,Low
22,28.3,Low
23,28.8,Low
24,29.1,Low
25,30.8,Low
26,31.9,Low
27,34.1,Low
28,36.6,Low
29,39.1,Low
30,41.3,Low
31,42.5,Low
32,43.3,Low
33,43.9,Low
34,44.4,Low
35,44.5,Low
36,44.2,Low
37,42.7,Low
38,39.9,Low
39,37.0,Low
40,34.6,Low
41,32.3,Low
42,29.0,Low
43,25.1,Low
44,22.2,Low
45,20.9,Low
46,20.4,Low
47,19.5,Low
48,18.4,Low
49,17.8,Low
50,17.8,Low
51,17.4,Low
52,15.7,Low
53,13.1,Low
54,12.1,Low
55,12.0,Low
56,12.0,Low
57,12.0,Low
58,12.3,Low
59,12.6,Low
60,14.7,Low
61,15.3,Low
62,15.9,Low
63,16.2,Low
64,17.1,Low
65,17.8,Low
66,18.1,Low
67,18.4,Low
68,20.3,Low
69,23.2,Low
70,26.5,Low
71,29.8,Low
72,32.6,Low
73,34.4,Low
74,35.5,Low
75,36.4,Low
76,37.4,Low
77,38.5,Low
78,39.3,Low
79,39.5,Low
80,39.0,Low
81,38.5,Low
82,37.3,Low
83,37.0,Low
84,36.7,Low
85,35.9,Low
86,35.3,Low
87,34.6,Low
88,34.2,Low
89,31.9,Low
90,27.3,Low
91,22.0,Low
92,17.0,Low
93,14.2,Low
94,12.0,Low
95,9.1,Low
96,5.8,Low
97,3.6,Low
98,2.2,Low
99,0.0,Low
100,0.0,Low
101,0.0,Low
102,0.0,Low
103,0.0,Low
104,0.0,Low
105,0.0,Low
106,0.0,Low
107,0.0,Low
108,0.0,Low
109,0.0,Low
110,0.0,Low
111,0.0,Low
112,0.0,Low
113,0.0,Low
114,0.0,Low
115,0.0,Low
116,0.0,Low
117,0.0,Low
118,0.0,Low
119,0.0,Low
120,0.0,Low
121,0.0,Low
122,0.0,Low
123,0.0,Low
124,0.0,Low
125,0.0,Low
126,0.0,Low
127,0.0,Low
128,0.0,Low
129,0.0,Low
130,0.0,Low
131,0.0,Low
132,0.0,Low
133,0.0,Low
134,0.0,Low
135,0.0,Low
136,0.0,Low
137,0.0,Low
138,0.2,Low
139,1.9,Low
140,6.1,Low
141,11.7,Low
142,16.4,Low
143,18.9,Low
144,19.9,Low
145,20.8,Low
146,22.8,Low
147,25.4,Low
148,27.7,Low
149,29.2,Low
150,29.8,Low
151,29.4,Low
152,27.2,Low
153,22.6,Low
154,17.3,Low
155,13.3,Low
156,12.0,Low
157,12.6,Low
158,14.1,Low
159,17.2,Low
160,20.1,Low
161,23.4,Low
162,25.5,Low
163,27.6,Low
164,29.5,Low
165,31.1,Low
166,32.1,Low
167,33.2,Low
168,35.2,Low
169,37.2,Low
170,38.0,Low
171,37.4,Low
172,35.1,Low
173,31.0,Low
174,27.1,Low
175,25.3,Low
176,25.1,Low
177,25.9,Low
178,27.8,Low
179,29.2,Low
180,29.6,Low
181,29.5,Low
182,29.2,Low
183,28.3,Low
184,26.1,Low
185,23.6,Low
186,21.0,Low
187,18.9,Low
188,17.1,Low
189,15.7,Low
190,14.5,Low
191,13.7,Low
192,12.9,Low
193,12.5,Low
194,12.2,Low
195,12.0,Low
196,12.0,Low
197,12.0,Low
198,12.0,Low
199,12.5,Low
200,13.0,Low
201,14.0,Low
202,15.0,Low
203,16.5,Low
204,19.0,Low
205,21.2,Low
206,23.8,Low
207,26.9,Low
208,29.6,Low
209,32.0,Low
210,35.2,Low
211,37.5,Low
212,39.2,Low
213,40.5,Low
214,41.6,Low
215,43.1,Low
216,45.0,Low
217,47.1,Low
218,49.0,Low
219,50.6,Low
220,51.8,Low
221,52.7,Low
222,53.1,Low
223,53.5,Low
224,53.8,Low
225,54.2,Low
226,54.8,Low
227,55.3,Low
228,55.8,Low
229,56.2,Low
230,56.5,Low
231,56.5,Low
232,56.2,Low
233,54.9,Low
234,52.9,Low
235,51.0,Low
236,49.8,Low
237,49.2,Low
238,48.4,Low
239,46.9,Low
240,44.3,Low
241,41.5,Low
242,39.5,Low
243,37.0,Low
244,34.6,Low
245,32.3,Low
246,29.0,Low
247,25.1,Low
248,22.2,Low
249,20.9,Low
250,20.4,Low
251,19.5,Low
252,18.4,Low
253,17.8,Low
254,17.8,Low
255,17.4,Low
256,15.7,Low
257,14.5,Low
258,15.4,Low
259,17.9,Low
260,20.6,Low
261,23.2,Low
262,25.7,Low
263,28.7,Low
264,32.5,Low
265,36.1,Low
266,39.0,Low
267,40.8,Low
268,42.9,Low
269,44.4,Low
270,45.9,Low
271,46.0,Low
272,45.6,Low
273,45.3,Low
274,43.7,Low
275,40.8,Low
276,38.0,Low
277,34.4,Low
278,30.9,Low
279,25.5,Low
280,21.4,Low
281,20.2,Low
282,22.9,Low
283,26.6,Low
284,30.2,Low
285,34.1,Low
286,37.4,Low
287,40.7,Low
288,44.0,Low
289,47.3,Low
290,49.2,Low
291,49.8,Low
292,49.2,Low
293,48.1,Low
294,47.3,Low
295,46.8,Low
296,46.7,Low
297,46.8,Low
298,47.1,Low
299,47.3,Low
300,47.3,Low
301,47.1,Low
302,46.6,Low
303,45.8,Low
304,44.8,Low
305,43.3,Low
306,41.8,Low
307,40.8,Low
308,40.3,Low
309,40.1,Low
310,39.7,Low
311,39.2,Low
312,38.5,Low
313,37.4,Low
314,36.0,Low
315,34.4,Low
316,33.0,Low
317,31.7,Low
318,30.0,Low
319,28.0,Low
320,26.1,Low
321,25.6,Low
322,24.9,Low
323,24.9,Low
324,24.3,Low
325,23.9,Low
326,23.9,Low
327,23.6,Low
328,23.3,Low
329,20.5,Low
330,17.5,Low
331,16.9,Low
332,16.7,Low
333,15.9,Low
334,15.6,Low
335,15.0,Low
336,14.5,Low
337,14.3,Low
338,14.5,Low
339,15.4,Low
340,17.8,Low
341,21.1,Low
342,24.1,Low
343,25.0,Low
344,25.3,Low
345,25.5,Low
346,26.4,Low
347,26.6,Low
348,27.1,Low
349,27.7,Low
350,28.1,Low
351,28.2,Low
352,28.1,Low
353,28.0,Low
354,27.9,Low
355,27.9,Low
356,28.1,Low
357,28.2,Low
358,28.0,Low
359,26.9,Low
360,25.0,Low
361,23.2,Low
362,21.9,Low
363,21.1,Low
364,20.7,Low
365,20.7,Low
366,20.8,Low
367,21.2,Low
368,22.1,Low
369,23.5,Low
370,24.3,Low
371,24.5,Low
372,23.8,Low
373,21.3,Low
374,17.7,Low
375,14.4,Low
376,11.9,Low
377,10.2,Low
378,8.9,Low
379,8.0,Low
380,7.2,Low
381,6.1,Low
382,4.9,Low
383,3.7,Low
384,2.3,Low
385,0.9,Low
386,0.0,Low
387,0.0,Low
388,0.0,Low
389,0.0,Low
390,0.0,Low
391,0.0,Low
392,0.5,Low
393,2.1,Low
394,4.8,Low
395,8.3,Low
396,12.3,Low
397,16.6,Low
398,20.9,Low
399,24.2,Low
400,25.6,Low
401,25.6,Low
402,24.9,Low
403,23.3,Low
404,21.6,Low
405,20.2,Low
406,18.7,Low
407,17.0,Low
408,15.3,Low
409,14.2,Low
410,13.9,Low
411,14.0,Low
412,14.2,Low
413,14.5,Low
414,14.9,Low
415,15.9,Low
416,17.4,Low
417,18.7,Low
418,19.1,Low
419,18.8,Low
420,17.6,Low
421,16.6,Low
422,16.2,Low
423,16.4,Low
424,17.2,Low
425,19.1,Low
426,22.6,Low
427,27.4,Low
428,31.6,Low
429,33.4,Low
430,33.5,Low
431,32.8,Low
432,31.9,Low
433,31.3,Low
434,31.1,Low
435,30.6,Low
436,29.2,Low
437,26.7,Low
438,23.0,Low
439,18.2,Low
440,12.9,Low
441,7.7,Low
442,3.8,Low
443,1.3,Low
444,0.2,Low
445,0.0,Low
446,0.0,Low
447,0.0,Low
448,0.0,Low
449,0.0,Low
450,0.0,Low
451,0.0,Low
452,0.0,Low
453,0.0,Low
454,0.0,Low
455,0.0,Low
456,0.0,Low
457,0.0,Low
458,0.0,Low
459,0.0,Low
460,0.0,Low
461,0.0,Low
462,0.0,Low
463,0.0,Low
464,0.0,Low
465,0.0,Low
466,0.0,Low
467,0.0,Low
468,0.0,Low
469,0.0,Low
470,0.0,Low
471,0.0,Low
472,0.0,Low
473,0.0,Low
474,0.0,Low
475,0.0,Low
476,0.0,Low
477,0.0,Low
478,0.0,Low
479,0.0,Low
480,0.0,Low
481,0.0,Low
482,0.0,Low
483,0.0,Low
484,0.0,Low
485,0.0,Low
486,0.0,Low
487,0.0,Low
488,0.0,Low
489,0.0,Low
490,0.0,Low
491,0.0,Low
492,0.0,Low
493,0.0,Low
494,0.5,Low
495,2.5,Low
496,6.6,Low
497,11.8,Low
498,16.8,Low
499,20.5,Low
500,21.9,Low
501,21.9,Low
502,21.3,Low
503,20.3,Low
504,19.2,Low
505,17.8,Low
506,15.5,Low
507,11.9,Low
508,7.6,Low
509,4.0,Low
510,2.0,Low
511,1.0,Low
512,0.0,Low
513,0.0,Low
514,0.0,Low
515,0.2,Low
516,1.2,Low
517,3.2,Low
518,5.2,Low
519,8.2,Low
520,13.0,Low
521,18.8,Low
522,23.1,Low
523,24.5,Low
524,24.5,Low
525,24.3,Low
526,23.6,Low
527,22.3,Low
528,20.1,Low
529,18.5,Low
530,17.2,Low
531,16.3,Low
532,15.4,Low
533,14.7,Low
534,14.3,Low
535,13.7,Low
536,13.3,Low
537,13.1,Low
538,13.1,Low
539,13.3,Low
540,13.8,Low
541,14.5,Low
542,16.5,Low
543,17.0,Low
544,17.0,Low
545,17.0,Low
546,15.4,Low
547,10.1,Low
548,4.8,Low
549,0.0,Low
550,0.0,Low
551,0.0,Low
552,0.0,Low
553,0.0,Low
554,0.0,Low
555,0.0,Low
556,0.0,Low
557,0.0,Low
558,0.0,Low
559,0.0,Low
560,0.0,Low
561,0.0,Low
562,0.0,Low
563,0.0,Low
564,0.0,Low
565,0.0,Low
566,0.0,Low
567,0.0,Low
568,0.0,Low
569,0.0,Low
570,0.0,Low
571,0.0,Low
572,0.0,Low
573,0.0,Low
574,0.0,Low
575,0.0,Low
576,0.0,Low
577,0.0,Low
578,0.0,Low
579,0.0,Low
580,0.0,Low
581,0.0,Low
582,0.0,Low
583,1.0,Low
584,2.1,Low
585,4.8,Low
586,9.1,Low
587,14.2,Low
588,19.8,Low
589,25.5,Medium
590,30.5,Medium
591,34.8,Medium
592,38.8,Medium
593,42.9,Medium
594,46.4,Medium
595,48.3,Medium
596,48.7,Medium
597,48.5,Medium
598,48.4,Medium
599,48.2,Medium
600,47.8,Medium
601,47.0,Medium
602,45.9,Medium
603,44.9,Medium
604,44.4,Medium
605,44.3,Medium
606,44.5,Medium
607,45.1,Medium
608,45.7,Medium
609,46.0,Medium
610,46.0,Medium
611,46.0,Medium
612,46.1,Medium
613,46.7,Medium
614,47.7,Medium
615,48.9,Medium
616,50.3,Medium
617,51.6,Medium
618,52.6,Medium
619,53.0,Medium
620,53.0,Medium
621,52.9,Medium
622,52.7,Medium
623,52.6,Medium
624,53.1,Medium
625,54.3,Medium
626,55.2,Medium
627,55.5,Medium
628,55.9,Medium
629,56.3,Medium
630,56.7,Medium
631,56.9,Medium
632,56.8,Medium
633,56.0,Medium
634,54.2,Medium
635,52.1,Medium
636,50.1,Medium
637,47.2,Medium
638,43.2,Medium
639,39.2,Medium
640,36.5,Medium
641,34.3,Medium
642,31.0,Medium
643,26.0,Medium
644,20.7,Medium
645,15.4,Medium
646,13.1,Medium
647,12.0,Medium
648,12.5,Medium
649,14.0,Medium
650,19.0,Medium
651,23.2,Medium
652,28.0,Medium
653,32.0,Medium
654,34.0,Medium
655,36.0,Medium
656,38.0,Medium
657,40.0,Medium
658,40.3,Medium
659,40.5,Medium
660,39.0,Medium
661,35.7,Medium
662,31.8,Medium
663,27.1,Medium
664,22.8,Medium
665,21.1,Medium
666,18.9,Medium
667,18.9,Medium
668,21.3,Medium
669,23.9,Medium
670,25.9,Medium
671,28.4,Medium
672,30.3,Medium
673,30.9,Medium
674,31.1,Medium
675,31.8,Medium
676,32.7,Medium
677,33.2,Medium
678,32.4,Medium
679,28.3,Medium
680,25.8,Medium
681,23.1,Medium
682,21.8,Medium
683,21.2,Medium
684,21.0,Medium
685,21.0,Medium
686,20.9,Medium
687,19.9,Medium
688,17.9,Medium
689,15.1,Medium
690,12.8,Medium
691,12.0,Medium
692,13.2,Medium
693,17.1,Medium
694,21.1,Medium
695,21.8,Medium
696,21.2,Medium
697,18.5,Medium
698,13.9,Medium
699,12.0,Medium
700,12.0,Medium
701,13.0,Medium
702,16.0,Medium
703,18.5,Medium
704,20.6,Medium
705,22.5,Medium
706,24.0,Medium
707,26.6,Medium
708,29.9,Medium
709,34.8,Medium
710,37.8,Medium
711,40.2,Medium
712,41.6,Medium
713,41.9,Medium
714,42.0,Medium
715,42.2,Medium
716,42.4,Medium
717,42.7,Medium
718,43.1,Medium
719,43.7,Medium
720,44.0,Medium
721,44.1,Medium
722,45.3,Medium
723,46.4,Medium
724,47.2,Medium
725,47.3,Medium
726,47.4,Medium
727,47.4,Medium
728,47.5,Medium
729,47.9,Medium
730,48.6,Medium
731,49.4,Medium
732,49.8,Medium
733,49.8,Medium
734,49.7,Medium
735,49.3,Medium
736,48.5,Medium
737,47.6,Medium
738,46.3,Medium
739,43.7,Medium
740,39.3,Medium
741,34.1,Medium
742,29.0,Medium
743,23.7,Medium
744,18.4,Medium
745,14.3,Medium
746,12.0,Medium
747,12.8,Medium
748,16.0,Medium
749,19.1,Medium
750,22.4,Medium
751,25.6,Medium
752,30.1,Medium
753,35.3,Medium
754,39.9,Medium
755,44.5,Medium
756,47.5,Medium
757,50.9,Medium
758,54.1,Medium
759,56.3,Medium
760,58.1,Medium
761,59.8,Medium
762,61.1,Medium
763,62.1,Medium
764,62.8,Medium
765,63.3,Medium
766,63.6,Medium
767,64.0,Medium
768,64.7,Medium
769,65.2,Medium
770,65.3,Medium
771,65.3,Medium
772,65.4,Medium
773,65.7,Medium
774,66.0,Medium
775,65.6,Medium
776,63.5,Medium
777,59.7,Medium
778,54.6,Medium
779,49.3,Medium
780,44.9,Medium
781,42.3,Medium
782,41.4,Medium
783,41.3,Medium
784,42.1,Medium
785,44.7,Medium
786,48.4,Medium
787,51.4,Medium
788,52.7,Medium
789,53.0,Medium
790,52.5,Medium
791,51.3,Medium
792,49.7,Medium
793,47.4,Medium
794,43.7,Medium
795,39.7,Medium
796,35.5,Medium
797,31.1,Medium
798,26.3,Medium
799,21.9,Medium
800,18.0,Medium
801,17.0,Medium
802,18.0,Medium
803,21.4,Medium
804,24.8,Medium
805,27.9,Medium
806,30.8,Medium
807,33.0,Medium
808,35.1,Medium
809,37.1,Medium
810,38.9,Medium
811,41.4,Medium
812,44.0,Medium
813,46.3,Medium
814,47.7,Medium
815,48.2,Medium
816,48.7,Medium
817,49.3,Medium
818,49.8,Medium
819,50.2,Medium
820,50.9,Medium
821,51.8,Medium
822,52.5,Medium
823,53.3,Medium
824,54.5,Medium
825,55.7,Medium
826,56.5,Medium
827,56.8,Medium
828,57.0,Medium
829,57.2,Medium
830,57.7,Medium
831,58.7,Medium
832,60.1,Medium
833,61.1,Medium
834,61.7,Medium
835,62.3,Medium
836,62.9,Medium
837,63.3,Medium
838,63.4,Medium
839,63.5,Medium
840,64.5,Medium
841,65.8,Medium
842,66.8,Medium
843,67.4,Medium
844,68.8,Medium
845,71.1,Medium
846,72.3,Medium
847,72.8,Medium
848,73.4,Medium
849,74.6,Medium
850,76.0,Medium
851,76.6,Medium
852,76.5,Medium
853,76.2,Medium
854,75.8,Medium
855,75.4,Medium
856,74.8,Medium
857,73.9,Medium
858,72.7,Medium
859,71.3,Medium
860,70.4,Medium
861,70.0,Medium
862,70.0,Medium
863,69.0,Medium
864,68.0,Medium
865,68.0,Medium
866,68.0,Medium
867,68.1,Medium
868,68.4,Medium
869,68.6,Medium
870,68.7,Medium
871,68.5,Medium
872,68.1,Medium
873,67.3,Medium
874,66.2,Medium
875,64.8,Medium
876,63.6,Medium
877,62.6,Medium
878,62.1,Medium
879,61.9,Medium
880,61.9,Medium
881,61.8,Medium
882,61.5,Medium
883,60.9,Medium
884,59.7,Medium
885,54.6,Medium
886,49.3,Medium
887,44.9,Medium
888,42.3,Medium
889,41.4,Medium
890,41.3,Medium
891,42.1,Medium
892,44.7,Medium
893,48.4,Medium
894,51.4,Medium
895,52.7,Medium
896,54.0,Medium
897,57.0,Medium
898,58.1,Medium
899,59.2,Medium
900,59.0,Medium
901,59.1,Medium
902,59.5,Medium
903,60.5,Medium
904,62.3,Medium
905,63.9,Medium
906,65.1,Medium
907,64.1,Medium
908,62.7,Medium
909,62.0,Medium
910,61.3,Medium
911,60.9,Medium
912,60.5,Medium
913,60.2,Medium
914,59.8,Medium
915,59.4,Medium
916,58.6,Medium
917,57.5,Medium
918,56.6,Medium
919,56.0,Medium
920,55.5,Medium
921,55.0,Medium
922,54.4,Medium
923,54.1,Medium
924,54.0,Medium
925,53.9,Medium
926,53.9,Medium
927,54.0,Medium
928,54.2,Medium
929,55.0,Medium
930,55.8,Medium
931,56.2,Medium
932,56.1,Medium
933,55.1,Medium
934,52.7,Medium
935,48.4,Medium
936,43.1,Medium
937,37.8,Medium
938,32.5,Medium
939,27.2,Medium
940,25.1,Medium
941,26.0,Medium
942,29.3,Medium
943,34.6,Medium
944,40.4,Medium
945,45.3,Medium
946,49.0,Medium
947,51.1,Medium
948,52.1,Medium
949,52.2,Medium
950,52.1,Medium
951,51.7,Medium
952,50.9,Medium
953,49.2,Medium
954,45.9,Medium
955,40.6,Medium
956,35.3,Medium
957,30.0,Medium
958,24.7,Medium
959,19.3,Medium
960,16.0,Medium
961,13.2,Medium
962,10.7,Medium
963,8.8,Medium
964,7.2,Medium
965,5.5,Medium
966,3.2,Medium
967,1.1,Medium
968,0.0,Medium
969,0.0,Medium
970,0.0,Medium
971,0.0,Medium
972,0.0,Medium
973,0.0,Medium
974,0.0,Medium
975,0.0,Medium
976,0.0,Medium
977,0.0,Medium
978,0.0,Medium
979,0.0,Medium
980,0.0,Medium
981,0.0,Medium
982,0.0,Medium
983,0.0,Medium
984,0.0,Medium
985,0.0,Medium
986,0.0,Medium
987,0.0,Medium
988,0.0,Medium
989,0.0,Medium
990,0.0,Medium
991,0.0,Medium
992,0.0,Medium
993,0.0,Medium
994,0.0,Medium
995,0.0,Medium
996,0.0,Medium
997,0.0,Medium
998,0.0,Medium
999,0.0,Medium
1000,0.0,Medium
1001,0.0,Medium
1002,0.0,Medium
1003,0.0,Medium
1004,0.0,Medium
1005,0.0,Medium
1006,0.0,Medium
1007,0.0,Medium
1008,0.0,Medium
1009,0.8,Medium
1010,3.6,Medium
1011,8.6,Medium
1012,14.6,Medium
1013,20.0,Medium
1014,24.4,Medium
1015,28.2,Medium
1016,31.7,Medium
1017,35.0,Medium
1018,37.6,Medium
1019,39.7,Medium
1020,41.5,Medium
1021,43.6,Medium
1022,46.0,High
1023,48.4,High
1024,50.5,High
1025,51.9,High
1026,52.6,High
1027,52.8,High
1028,52.9,High
1029,53.1,High
1030,53.3,High
1031,53.1,High
1032,52.3,High
1033,50.7,High
1034,48.8,High
1035,46.5,High
1036,43.8,High
1037,40.3,High
1038,36.0,High
1039,30.7,High
1040,25.4,High
1041,21.0,High
1042,16.7,High
1043,13.4,High
1044,12.0,High
1045,12.1,High
1046,12.8,High
1047,15.6,High
1048,19.9,High
1049,23.4,High
1050,24.6,High
1051,25.2,High
1052,26.4,High
1053,28.8,High
1054,31.8,High
1055,35.3,High
1056,39.5,High
1057,44.5,High
1058,49.3,High
1059,53.3,High
1060,56.4,High
1061,58.9,High
1062,61.2,High
1063,62.6,High
1064,63.0,High
1065,62.5,High
1066,60.9,High
1067,59.3,High
1068,58.6,High
1069,58.6,High
1070,58.7,High
1071,58.8,High
1072,58.8,High
1073,58.8,High
1074,59.1,High
1075,60.1,High
1076,61.7,High
1077,63.0,High
1078,63.7,High
1079,63.9,High
1080,63.5,High
1081,62.3,High
1082,60.3,High
1083,58.9,High
1084,58.4,High
1085,58.8,High
1086,60.2,High
1087,62.3,High
1088,63.9,High
1089,64.5,High
1090,64.4,High
1091,63.5,High
1092,62.0,High
1093,61.2,High
1094,61.3,High
1095,62.6,High
1096,65.3,High
1097,68.0,High
1098,69.4,High
1099,69.7,High
1100,69.3,High
1101,68.1,High
1102,66.9,High
1103,66.2,High
1104,65.7,High
1105,64.9,High
1106,63.2,High
1107,60.3,High
1108,55.8,High
1109,50.5,High
1110,45.2,High
1111,40.1,High
1112,36.2,High
1113,32.9,High
1114,29.8,High
1115,26.6,High
1116,23.0,High
1117,19.4,High
1118,16.3,High
1119,14.6,High
1120,14.2,High
1121,14.3,High
1122,14.6,High
1123,15.1,High
1124,16.4,High
1125,19.1,High
1126,22.5,High
1127,24.4,High
1128,24.8,High
1129,22.7,High
1130,17.4,High
1131,13.8,High
1132,12.0,High
1133,12.0,High
1134,12.0,High
1135,13.9,High
1136,17.7,High
1137,22.8,High
1138,27.3,High
1139,31.2,High
1140,35.2,High
1141,39.4,High
1142,42.5,High
1143,45.4,High
1144,48.2,High
1145,50.3,High
1146,52.6,High
1147,54.5,High
1148,56.6,High
1149,58.3,High
1150,60.0,High
1151,61.5,High
1152,63.1,High
1153,64.3,High
1154,65.7,High
1155,67.1,High
1156,68.3,High
1157,69.7,High
1158,70.6,High
1159,71.6,High
1160,72.6,High
1161,73.5,High
1162,74.2,High
1163,74.9,High
1164,75.6,High
1165,76.3,High
1166,77.1,High
1167,77.9,High
1168,78.5,High
1169,79.0,High
1170,79.7,High
1171,80.3,High
1172,81.0,High
1173,81.6,High
1174,82.4,High
1175,82.9,High
1176,83.4,High
1177,83.8,High
1178,84.2,High
1179,84.7,High
1180,85.2,High
1181,85.6,High
1182,86.3,High
1183,86.8,High
1184,87.4,High
1185,88.0,High
1186,88.3,High
1187,88.7,High
1188,89.0,High
1189,89.3,High
1190,89.8,High
1191,90.2,High
1192,90.6,High
1193,91.0,High
1194,91.3,High
1195,91.6,High
1196,91.9,High
1197,92.2,High
1198,92.8,High
1199,93.1,High
1200,93.3,High
1201,93.5,High
1202,93.7,High
1203,93.9,High
1204,94.0,High
1205,94.1,High
1206,94.3,High
1207,94.4,High
1208,94.6,High
1209,94.7,High
1210,94.8,High
1211,95.0,High
1212,95.1,High
1213,95.3,High
1214,95.4,High
1215,95.6,High
1216,95.7,High
1217,95.8,High
1218,96.0,High
1219,96.1,High
1220,96.3,High
1221,96.4,High
1222,96.6,High
1223,96.8,High
1224,97.0,High
1225,97.2,High
1226,97.3,High
1227,97.4,High
1228,97.4,High
1229,97.4,High
1230,97.4,High
1231,97.3,High
1232,97.3,High
1233,97.3,High
1234,97.3,High
1235,97.2,High
1236,97.1,High
1237,97.0,High
1238,96.9,High
1239,96.7,High
1240,96.4,High
1241,96.1,High
1242,95.7,High
1243,95.5,High
1244,95.3,High
1245,95.2,High
1246,95.0,High
1247,94.9,High
1248,94.7,High
1249,94.5,High
1250,94.4,High
1251,94.4,High
1252,94.3,High
1253,94.3,High
1254,94.1,High
1255,93.9,High
1256,93.4,High
1257,92.8,High
1258,92.0,High
1259,91.3,High
1260,90.6,High
1261,90.0,High
1262,89.3,High
1263,88.7,High
1264,88.1,High
1265,87.4,High
1266,86.7,High
1267,86.0,High
1268,85.3,High
1269,84.7,High
1270,84.1,High
1271,83.5,High
1272,82.9,High
1273,82.3,High
1274,81.7,High
1275,81.1,High
1276,80.5,High
1277,79.9,High
1278,79.4,High
1279,79.1,High
1280,78.8,High
1281,78.5,High
1282,78.2,High
1283,77.9,High
1284,77.6,High
1285,77.3,High
1286,77.0,High
1287,76.7,High
1288,76.0,High
1289,76.0,High
1290,76.0,High
1291,75.9,High
1292,75.9,High
1293,75.8,High
1294,75.7,High
1295,75.5,High
1296,75.2,High
1297,75.0,High
1298,74.7,High
1299,74.1,High
1300,73.7,High
1301,73.3,High
1302,73.5,High
1303,74.0,High
1304,74.9,High
1305,76.1,High
1306,77.7,High
1307,79.2,High
1308,80.3,High
1309,80.8,High
1310,81.0,High
1311,81.0,High
1312,81.0,High
1313,81.0,High
1314,81.0,High
1315,80.9,High
1316,80.6,High
1317,80.3,High
1318,80.0,High
1319,79.9,High
1320,79.8,High
1321,79.8,High
1322,79.8,High
1323,79.9,High
1324,80.0,High
1325,80.4,High
1326,80.8,High
1327,81.2,High
1328,81.5,High
1329,81.6,High
1330,81.6,High
1331,81.4,High
1332,80.7,High
1333,79.6,High
1334,78.2,High
1335,76.8,High
1336,75.3,High
1337,73.8,High
1338,72.1,High
1339,70.2,High
1340,68.2,High
1341,66.1,High
1342,63.8,High
1343,61.6,High
1344,60.2,High
1345,59.8,High
1346,60.4,High
1347,61.8,High
1348,62.6,High
1349,62.7,High
1350,61.9,High
1351,60.0,High
1352,58.4,High
1353,57.8,High
1354,57.8,High
1355,57.8,High
1356,57.3,High
1357,56.2,High
1358,54.3,High
1359,50.8,High
1360,45.5,High
1361,40.2,High
1362,34.9,High
1363,29.6,High
1364,27.3,High
1365,29.3,High
1366,32.9,High
1367,35.6,High
1368,36.7,High
1369,37.6,High
1370,39.4,High
1371,42.5,High
1372,46.5,High
1373,50.2,High
1374,52.8,High
1375,54.3,High
1376,54.9,High
1377,54.9,High
1378,54.7,High
1379,54.1,High
1380,53.2,High
1381,52.1,High
1382,50.7,High
1383,49.1,High
1384,47.4,High
1385,45.2,High
1386,41.8,High
1387,36.5,High
1388,31.2,High
1389,27.6,High
1390,26.9,High
1391,27.3,High
1392,27.5,High
1393,27.4,High
1394,27.1,High
1395,26.7,High
1396,26.8,High
1397,28.2,High
1398,31.1,High
1399,34.8,High
1400,38.4,High
1401,40.9,High
1402,41.7,High
1403,40.9,High
1404,38.3,High
1405,35.3,High
1406,34.3,High
1407,34.6,High
1408,36.3,High
1409,39.5,High
1410,41.8,High
1411,42.5,High
1412,41.9,High
1413,40.1,High
1414,36.6,High
1415,31.3,High
1416,26.0,High
1417,20.6,High
1418,19.1,High
1419,19.7,High
1420,21.1,High
1421,22.0,High
1422,22.1,High
1423,21.4,High
1424,19.6,High
1425,18.3,High
1426,18.0,High
1427,18.3,High
1428,18.5,High
1429,17.9,High
1430,15.0,High
1431,9.9,High
1432,4.6,High
1433,1.2,High
1434,0.0,High
1435,0.0,High
1436,0.0,High
1437,0.0,High
1438,0.0,High
1439,0.0,High
1440,0.0,High
1441,0.0,High
1442,0.0,High
1443,0.0,High
1444,0.0,High
1445,0.0,High
1446,0.0,High
1447,0.0,High
1448,0.0,High
1449,0.0,High
1450,0.0,High
1451,0.0,High
1452,0.0,High
1453,0.0,High
1454,0.0,High
1455,0.0,High
1456,0.0,High
1457,0.0,High
1458,0.0,High
1459,0.0,High
1460,0.0,High
1461,2.2,High
1462,4.4,High
1463,6.3,High
1464,7.9,High
1465,9.2,High
1466,10.4,High
1467,11.5,High
1468,12.9,High
1469,14.7,High
1470,17.0,High
1471,19.8,High
1472,23.1,High
1473,26.7,High
1474,30.5,High
1475,34.1,High
1476,37.5,High
1477,40.6,ExtraHigh
1478,43.3,ExtraHigh
1479,45.7,ExtraHigh
1480,47.7,ExtraHigh
1481,49.3,ExtraHigh
1482,50.5,ExtraHigh
1483,51.3,ExtraHigh
1484,52.1,ExtraHigh
1485,52.7,ExtraHigh
1486,53.4,ExtraHigh
1487,54.0,ExtraHigh
1488,54.5,ExtraHigh
1489,55.0,ExtraHigh
1490,55.6,ExtraHigh
1491,56.3,ExtraHigh
1492,57.2,ExtraHigh
1493,58.5,ExtraHigh
1494,60.2,ExtraHigh
1495,62.3,ExtraHigh
1496,64.7,ExtraHigh
1497,67.1,ExtraHigh
1498,69.2,ExtraHigh
1499,70.7,ExtraHigh
1500,71.9,ExtraHigh
1501,72.7,ExtraHigh
1502,73.4,ExtraHigh
1503,73.8,ExtraHigh
1504,74.1,ExtraHigh
1505,74.0,ExtraHigh
1506,73.6,ExtraHigh
1507,72.5,ExtraHigh
1508,70.8,ExtraHigh
1509,68.6,ExtraHigh
1510,66.2,ExtraHigh
1511,64.0,ExtraHigh
1512,62.2,ExtraHigh
1513,60.9,ExtraHigh
1514,60.2,ExtraHigh
1515,60.0,ExtraHigh
1516,60.4,ExtraHigh
1517,61.4,ExtraHigh
1518,63.2,ExtraHigh
1519,65.6,ExtraHigh
1520,68.4,ExtraHigh
1521,71.6,ExtraHigh
1522,74.9,ExtraHigh
1523,78.4,ExtraHigh
1524,81.8,ExtraHigh
1525,84.9,ExtraHigh
1526,87.4,ExtraHigh
1527,89.0,ExtraHigh
1528,90.0,ExtraHigh
1529,90.6,ExtraHigh
1530,91.0,ExtraHigh
1531,91.5,ExtraHigh
1532,92.0,ExtraHigh
1533,92.7,ExtraHigh
1534,93.4,ExtraHigh
1535,94.2,ExtraHigh
1536,94.9,ExtraHigh
1537,95.7,ExtraHigh
1538,96.6,ExtraHigh
1539,97.7,ExtraHigh
1540,98.9,ExtraHigh
1541,100.4,ExtraHigh
1542,102.0,ExtraHigh
1543,103.6,ExtraHigh
1544,105.2,ExtraHigh
1545,106.8,ExtraHigh
1546,108.5,ExtraHigh
1547,110.2,ExtraHigh
1548,111.9,ExtraHigh
1549,113.7,ExtraHigh
1550,115.3,ExtraHigh
1551,116.8,ExtraHigh
1552,118.2,ExtraHigh
1553,119.5,ExtraHigh
1554,120.7,ExtraHigh
1555,121.8,ExtraHigh
1556,122.6,ExtraHigh
1557,123.2,ExtraHigh
1558,123.6,ExtraHigh
1559,123.7,ExtraHigh
1560,123.6,ExtraHigh
1561,123.3,ExtraHigh
1562,123.0,ExtraHigh
1563,122.5,ExtraHigh
1564,122.1,ExtraHigh
1565,121.5,ExtraHigh
1566,120.8,ExtraHigh
1567,120.0,ExtraHigh
1568,119.1,ExtraHigh
1569,118.1,ExtraHigh
1570,117.1,ExtraHigh
1571,116.2,ExtraHigh
1572,115.5,ExtraHigh
1573,114.9,ExtraHigh
1574,114.5,ExtraHigh
1575,114.1,ExtraHigh
1576,113.9,ExtraHigh
1577,113.7,ExtraHigh
1578,113.3,ExtraHigh
1579,112.9,ExtraHigh
1580,112.2,ExtraHigh
1581,111.4,ExtraHigh
1582,110.5,ExtraHigh
1583,109.5,ExtraHigh
1584,108.5,ExtraHigh
1585,107.7,ExtraHigh
1586,107.1,ExtraHigh
1587,106.6,ExtraHigh
1588,106.4,ExtraHigh
1589,106.2,ExtraHigh
1590,106.2,ExtraHigh
1591,106.2,ExtraHigh
1592,106.4,ExtraHigh
1593,106.5,ExtraHigh
1594,106.8,ExtraHigh
1595,107.2,ExtraHigh
1596,107.8,ExtraHigh
1597,108.5,ExtraHigh
1598,109.4,ExtraHigh
1599,110.5,ExtraHigh
1600,111.7,ExtraHigh
1601,113.0,ExtraHigh
1602,114.1,ExtraHigh
1603,115.1,ExtraHigh
1604,115.9,ExtraHigh
1605,116.5,ExtraHigh
1606,116.7,ExtraHigh
1607,116.6,ExtraHigh
1608,116.2,ExtraHigh
1609,115.2,ExtraHigh
1610,113.8,ExtraHigh
1611,112.0,ExtraHigh
1612,110.1,ExtraHigh
1613,108.3,ExtraHigh
1614,107.0,ExtraHigh
1615,106.1,ExtraHigh
1616,105.8,ExtraHigh
1617,105.7,ExtraHigh
1618,105.7,ExtraHigh
1619,105.6,ExtraHigh
1620,105.3,ExtraHigh
1621,104.9,ExtraHigh
1622,104.4,ExtraHigh
1623,104.0,ExtraHigh
1624,103.8,ExtraHigh
1625,103.9,ExtraHigh
1626,104.4,ExtraHigh
1627,105.1,ExtraHigh
1628,106.1,ExtraHigh
1629,107.2,ExtraHigh
1630,108.5,ExtraHigh
1631,109.9,ExtraHigh
1632,111.3,ExtraHigh
1633,112.7,ExtraHigh
1634,113.9,ExtraHigh
1635,115.0,ExtraHigh
1636,116.0,ExtraHigh
1637,116.8,ExtraHigh
1638,117.6,ExtraHigh
1639,118.4,ExtraHigh
1640,119.2,ExtraHigh
1641,120.0,ExtraHigh
1642,120.8,ExtraHigh
1643,121.6,ExtraHigh
1644,122.3,ExtraHigh
1645,123.1,ExtraHigh
1646,123.8,ExtraHigh
1647,124.4,ExtraHigh
1648,125.0,ExtraHigh
1649,125.4,ExtraHigh
1650,125.8,ExtraHigh
1651,126.1,ExtraHigh
1652,126.4,ExtraHigh
1653,126.6,ExtraHigh
1654,126.7,ExtraHigh
1655,126.8,ExtraHigh
1656,126.9,ExtraHigh
1657,126.9,ExtraHigh
1658,126.9,ExtraHigh
1659,126.8,ExtraHigh
1660,126.6,ExtraHigh
1661,126.3,ExtraHigh
1662,126.0,ExtraHigh
1663,125.7,ExtraHigh
1664,125.6,ExtraHigh
1665,125.6,ExtraHigh
1666,125.8,ExtraHigh
1667,126.2,ExtraHigh
1668,126.6,ExtraHigh
1669,127.0,ExtraHigh
1670,127.4,ExtraHigh
1671,127.6,ExtraHigh
1672,127.8,ExtraHigh
1673,127.9,ExtraHigh
1674,128.0,ExtraHigh
1675,128.1,ExtraHigh
1676,128.2,ExtraHigh
1677,128.3,ExtraHigh
1678,128.4,ExtraHigh
1679,128.5,ExtraHigh
1680,128.6,ExtraHigh
1681,128.6,ExtraHigh
1682,128.5,ExtraHigh
1683,128.3,ExtraHigh
1684,128.1,ExtraHigh
1685,127.9,ExtraHigh
1686,127.6,ExtraHigh
1687,127.4,ExtraHigh
1688,127.2,ExtraHigh
1689,127.0,ExtraHigh
1690,126.9,ExtraHigh
1691,126.8,ExtraHigh
1692,126.7,ExtraHigh
1693,126.8,ExtraHigh
1694,126.9,ExtraHigh
1695,127.1,ExtraHigh
1696,127.4,ExtraHigh
1697,127.7,ExtraHigh
1698,128.1,ExtraHigh
1699,128.5,ExtraHigh
1700,129.0,ExtraHigh
1701,129.5,ExtraHigh
1702,130.1,ExtraHigh
1703,130.6,ExtraHigh
1704,131.0,ExtraHigh
1705,131.2,ExtraHigh
1706,131.3,ExtraHigh
1707,131.2,ExtraHigh
1708,130.7,ExtraHigh
1709,129.8,ExtraHigh
1710,128.4,ExtraHigh
1711,126.5,ExtraHigh
1712,124.1,ExtraHigh
1713,121.6,ExtraHigh
1714,119.0,ExtraHigh
1715,116.5,ExtraHigh
1716,114.1,ExtraHigh
1717,111.8,ExtraHigh
1718,109.5,ExtraHigh
1719,107.1,ExtraHigh
1720,104.8,ExtraHigh
1721,102.5,ExtraHigh
1722,100.4,ExtraHigh
1723,98.6,ExtraHigh
1724,97.2,ExtraHigh
1725,95.9,ExtraHigh
1726,94.8,ExtraHigh
1727,93.8,ExtraHigh
1728,92.8,ExtraHigh
1729,91.8,ExtraHigh
1730,91.0,ExtraHigh
1731,90.2,ExtraHigh
1732,89.6,ExtraHigh
1733,89.1,ExtraHigh
1734,88.6,ExtraHigh
1735,88.1,ExtraHigh
1736,87.6,ExtraHigh
1737,87.1,ExtraHigh
1738,86.6,ExtraHigh
1739,86.1,ExtraHigh
1740,85.5,ExtraHigh
1741,85.0,ExtraHigh
1742,84.4,ExtraHigh
1743,83.8,ExtraHigh
1744,83.2,ExtraHigh
1745,82.6,ExtraHigh
1746,82.0,ExtraHigh
1747,81.3,ExtraHigh
1748,80.4,ExtraHigh
1749,79.1,ExtraHigh
1750,77.4,ExtraHigh
1751,75.1,ExtraHigh
1752,72.3,ExtraHigh
1753,69.1,ExtraHigh
1754,65.9,ExtraHigh
1755,62.7,ExtraHigh
1756,59.7,ExtraHigh
1757,57.0,ExtraHigh
1758,54.6,ExtraHigh
1759,52.2,ExtraHigh
1760,49.7,ExtraHigh
1761,46.8,ExtraHigh
1762,43.5,ExtraHigh
1763,39.9,ExtraHigh
1764,36.4,ExtraHigh
1765,33.2,ExtraHigh
1766,30.5,ExtraHigh
1767,28.3,ExtraHigh
1768,26.3,ExtraHigh
1769,24.4,ExtraHigh
1770,22.5,ExtraHigh
1771,20.5,ExtraHigh
1772,18.2,ExtraHigh
1773,15.5,ExtraHigh
1774,12.3,ExtraHigh
1775,8.7,ExtraHigh
1776,5.2,ExtraHigh
1777,0.0,ExtraHigh
1778,0.0,ExtraHigh
1779,0.0,ExtraHigh
1780,0.0,ExtraHigh
1781,0.0,ExtraHigh
1782,0.0,ExtraHigh
1783,0.0,ExtraHigh
1784,0.0,ExtraHigh
1785,0.0,ExtraHigh
1786,0.0,ExtraHigh
1787,0.0,ExtraHigh
1788,0.0,ExtraHigh
1789,0.0,ExtraHigh
1790,0.0,ExtraHigh
1791,0.0,ExtraHigh
1792,0.0,ExtraHigh
1793,0.0,ExtraHigh
1794,0.0,ExtraHigh
1795,0.0,ExtraHigh
1796,0.0,ExtraHigh
1797,0.0,ExtraHigh
1798,0.0,ExtraHigh
1799,0.0,ExtraHigh
1800,0.0,ExtraHigh
